{
  "nodeLayouts": {
    "query_regenerate": {
      "x": 615.0488655355686,
      "y": 238.75507582898805,
      "index": 3
    },
    "classify_with_llm": {
      "x": 362.17873433344243,
      "y": 144.45365092691927,
      "index": 0
    },
    "class_check": {
      "x": 358.9972470321118,
      "y": 239.21694984696882,
      "index": 1
    },
    "order_search": {
      "x": 436.2134620096142,
      "y": 403.39151705423535,
      "index": 4
    },
    "product_info": {
      "x": 743.8471860795762,
      "y": 399.868645418632,
      "index": 5
    },
    "generate_response": {
      "x": 729.9538158071141,
      "y": 525.8753271455547,
      "index": 6
    },
    "product_recommendation": {
      "x": 1025.4520539821353,
      "y": 400.7799674247535,
      "index": 2
    },
    "inputs": {
      "x": 675.1100817522895,
      "y": 31.01505179187762,
      "index": -1
    },
    "outputs": {
      "x": 807.7641430890656,
      "y": 626.7050382257551,
      "index": -1
    }
  },
  "orientation": "Vertical"
}