{
  "columns": [
    "VendorID",
    "passenger_count",
    "trip_distance",
    "pickup_longitude",
    "pickup_latitude",
    "rate_code",
    "dropoff_longitude",
    "dropoff_latitude",
    "payment_type",
    "total_amount",
    "hour",
    "year",
    "month",
    "day",
    "day_of_week",
    "pickup_latitude_r",
    "pickup_longitude_r",
    "dropoff_latitude_r",
    "dropoff_longitude_r",
    "h_distance",
    "is_weekend"
  ],
  "index": [
    0,
    1,
    2,
    4,
    5
  ],
  "data": [
    [
      2.0,
      1.0,
      1.5900000334,
      -73.9938964844,
      40.7501106262,
      1.0,
      -73.9747848511,
      40.750617981,
      1.0,
      17.0499992371,
      19.0,
      2015.0,
      1.0,
      15.0,
      3.0,
      40.75,
      -74.0,
      40.75,
      -73.9799957275,
      1.6108214855,
      0.0
    ],
    [
      1.0,
      1.0,
      3.2999999523,
      -74.0016479492,
      40.7242431641,
      1.0,
      -73.9944152832,
      40.7591094971,
      1.0,
      17.7999992371,
      20.0,
      2015.0,
      1.0,
      10.0,
      5.0,
      40.719997406,
      -74.0100021362,
      40.75,
      -74.0,
      3.9247539043,
      0.0
    ],
    [
      1.0,
      1.0,
      1.7999999523,
      -73.9633407593,
      40.8027877808,
      1.0,
      -73.9518203735,
      40.8244132996,
      2.0,
      10.8000001907,
      20.0,
      2015.0,
      1.0,
      10.0,
      5.0,
      40.7999992371,
      -73.9700012207,
      40.8199996948,
      -73.9599990845,
      2.5926892757,
      0.0
    ],
    [
      1.0,
      1.0,
      3.0,
      -73.9711761475,
      40.7624282837,
      1.0,
      -74.0041809082,
      40.7426528931,
      2.0,
      16.2999992371,
      20.0,
      2015.0,
      1.0,
      10.0,
      5.0,
      40.7599983215,
      -73.9799957275,
      40.7399978638,
      -74.0100021362,
      3.5446395874,
      0.0
    ],
    [
      1.0,
      1.0,
      9.0,
      -73.8743743896,
      40.7740478516,
      1.0,
      -73.9869766235,
      40.7581939697,
      1.0,
      40.3300018311,
      20.0,
      2015.0,
      1.0,
      10.0,
      5.0,
      40.7700004578,
      -73.8799972534,
      40.75,
      -73.9899978638,
      9.645483017,
      0.0
    ]
  ]
}