{
  "columns": [
    "VendorID",
    "passenger_count",
    "trip_distance",
    "pickup_longitude",
    "pickup_latitude",
    "rate_code",
    "dropoff_longitude",
    "dropoff_latitude",
    "payment_type",
    "total_amount",
    "hour",
    "year",
    "month",
    "day",
    "day_of_week",
    "pickup_latitude_r",
    "pickup_longitude_r",
    "dropoff_latitude_r",
    "dropoff_longitude_r",
    "h_distance",
    "is_weekend"
  ],
  "index": [
    0,
    1,
    2,
    5,
    6
  ],
  "data": [
    [
      2,
      1,
      1.5900000334,
      -73.9938964844,
      40.7501106262,
      1,
      -73.9747848511,
      40.750617981,
      1,
      17.0499992371,
      19,
      2015,
      1,
      15,
      3,
      40.75,
      -74.0,
      40.75,
      -73.9799957275,
      1.6108214855,
      0
    ],
    [
      1,
      1,
      3.2999999523,
      -74.0016479492,
      40.7242431641,
      1,
      -73.9944152832,
      40.7591094971,
      1,
      17.7999992371,
      20,
      2015,
      1,
      10,
      5,
      40.719997406,
      -74.0100021362,
      40.75,
      -74.0,
      3.9247539043,
      0
    ],
    [
      1,
      1,
      1.7999999523,
      -73.9633407593,
      40.8027877808,
      1,
      -73.9518203735,
      40.8244132996,
      2,
      10.8000001907,
      20,
      2015,
      1,
      10,
      5,
      40.7999992371,
      -73.9700012207,
      40.8199996948,
      -73.9599990845,
      2.5926892757,
      0
    ],
    [
      1,
      1,
      9.0,
      -73.8743743896,
      40.7740478516,
      1,
      -73.9869766235,
      40.7581939697,
      1,
      40.3300018311,
      20,
      2015,
      1,
      10,
      5,
      40.7700004578,
      -73.8799972534,
      40.75,
      -73.9899978638,
      9.645483017,
      0
    ],
    [
      1,
      1,
      2.2000000477,
      -73.9832763672,
      40.7260093689,
      1,
      -73.9924697876,
      40.7496337891,
      2,
      15.3000001907,
      20,
      2015,
      1,
      10,
      5,
      40.719997406,
      -73.9899978638,
      40.7399978638,
      -74.0,
      2.7384953499,
      0
    ]
  ]
}